{
    "languages": null,
    "filetype": "pdf",
    "toc": [
        {
            "title": "\u4e00\u3001\u8fc5\u901f\u54cd\u5e94\uff0c\u5728\u5168\u9762\u843d\u5b9e\u4e0a\u4e0b\u529f\u592b",
            "level": 0,
            "is_closed": null,
            "n_kids": 0,
            "page_index": 0,
            "view_mode": "XYZ",
            "view_pos": [
                135.0500030517578,
                635.5499877929688,
                0.0
            ]
        },
        {
            "title": "\u4e8c\u3001\u7740\u773c\u5927\u5c40\uff0c\u5728\u670d\u52a1\u53d1\u5c55\u4e0a\u51fa\u5b9e\u62db",
            "level": 0,
            "is_closed": null,
            "n_kids": 0,
            "page_index": 1,
            "view_mode": "XYZ",
            "view_pos": [
                135.0500030517578,
                300.1000061035156,
                0.0
            ]
        },
        {
            "title": "\u4e09\u3001\u771f\u6293\u5b9e\u5e72\uff0c\u5728\u52a1\u5b9e\u6c42\u6548\u4e0a\u89c1\u771f\u7ae0",
            "level": 0,
            "is_closed": null,
            "n_kids": 0,
            "page_index": 2,
            "view_mode": "XYZ",
            "view_pos": [
                135.0500030517578,
                525.5,
                0.0
            ]
        }
    ],
    "pages": 4,
    "ocr_stats": {
        "ocr_pages": 0,
        "ocr_failed": 0,
        "ocr_success": 0,
        "ocr_engine": "none"
    },
    "block_stats": {
        "header_footer": 0,
        "code": 0,
        "table": 0,
        "equations": {
            "successful_ocr": 0,
            "unsuccessful_ocr": 0,
            "equations": 0
        }
    },
    "postprocess_stats": {
        "edit": {}
    }
}